{"cameraMode":{"drawMode":0,"name":"Shaded","section":"Shading Mode"},"sceneLighting":false,"audioPlay":false,"sceneViewState":{"showFog":true,"showMaterialUpdate":false,"showSkybox":false,"showFlares":true,"showImageEffects":true,"showParticleSystems":true},"in2DMode":false,"pivot":{"x":-0.7170000076293945,"y":1.5,"z":-2.9802322387695315e-8},"rotation":{"x":-0.0014993494842201472,"y":0.0269964300096035,"z":0.00004032418655697256,"w":0.9996364712715149},"size":0.7321338653564453,"orthographic":true}